Subject,Prompt Number,Prompt Title,Research Report,Word Count,Sources Count,Completion Status,Error
/home/ubuntu/prompts/prompt_01.txt,01,What kinds of SaaS products and third-party apps will customers still be willing to pay for even as AI-assisted coding and agentic software creation become more accessible to non-coders?,/home/ubuntu/report_file/0_NIFU4TAJA47X1KaPduloRC_1773954824634_na1fn_L2hvbWUvdWJ1bnR1L3JlcG9ydA.md,4169,4,complete,
/home/ubuntu/prompts/prompt_02.txt,02,Durable SaaS Moats in the Age of AI,/home/ubuntu/report_file/1_m1DXhcYLFfBYvtp13rE7Ml_1773954922306_na1fn_L2hvbWUvdWJ1bnR1L3JlcG9ydA.md,4506,3,complete,
/home/ubuntu/prompts/prompt_03.txt,03,"Which third-party app ecosystems still present strong commercial opportunity for independent developers and small teams, and which are most at risk of disruption from the platform’s own AI-powered feature expansion?",/home/ubuntu/report_file/2_qs0hyUiHfpz39bJ4jyRKAq_1773955258829_na1fn_L2hvbWUvdWJ1bnR1L3JlcG9ydA.md,3238,11,complete,
/home/ubuntu/prompts/prompt_04.txt,04,Why Customers Still Buy Software in the Age of AI and No-Code,/home/ubuntu/report_file/3_0Zbx9T8AZIBuDwp7YA6NyI_1773954708512_na1fn_L2hvbWUvdWJ1bnR1L3Jlc2VhcmNoL3Jlc2VhcmNoX3JlcG9ydA.md,2608,3,complete,
/home/ubuntu/prompts/prompt_05.txt,05,How to Identify Commercially Meaningful White Space in Crowded Software Categories,/home/ubuntu/report_file/4_x67J6vgUxFZPfzzZ3qacKu_1773954800064_na1fn_L2hvbWUvdWJ1bnR1L3JlcG9ydA.md,2772,4,complete,
/home/ubuntu/prompts/prompt_06.txt,06,Modern build-vs-buy dynamics for software buyers in 2026,/home/ubuntu/report_file/5_nRbWC4exnNM1BortBRUuzr_1773954805635_na1fn_L2hvbWUvdWJ1bnR1L3Jlc2VhcmNoX3JlcG9ydF8wNg.md,4154,3,complete,
/home/ubuntu/prompts/prompt_07.txt,07,How to Identify High-Value Workflow Pain Using Publicly Available Information,/home/ubuntu/report_file/6_vurxbRCCRVweCOek8jDZq3_1773954808916_na1fn_L2hvbWUvdWJ1bnR1L3Jlc2VhcmNoXzA3L3JlcG9ydA.md,4868,4,complete,
/home/ubuntu/prompts/prompt_08.txt,08,What types of SaaS products are best suited to solo founders or small teams in the AI era.,/home/ubuntu/report_file/7_hLVpwFWempUmCAOW7kzXKb_1773954758017_na1fn_L2hvbWUvdWJ1bnR1L3Jlc2VhcmNoX3JlcG9ydF8wOA.md,2644,3,complete,
/home/ubuntu/prompts/prompt_09.txt,09,Why Buyers Regret SaaS Purchases and How Those Regret Patterns Create Openings for Better Products,/home/ubuntu/report_file/8_RWLqp2XWxAxuQYOB45lrdn_1773954779256_na1fn_L2hvbWUvdWJ1bnR1L3JlcG9ydA.md,2343,4,complete,
/home/ubuntu/prompts/prompt_10.txt,10,"Security, Trust, Governance, and Accountability as Commercial Differentiators",/home/ubuntu/report_file/9_G4HZRhL19KgdnmLYpc94tw_1773954768744_na1fn_L2hvbWUvdWJ1bnR1L3JlcG9ydA.md,2707,4,complete,
/home/ubuntu/prompts/prompt_11.txt,11,The Difference Between AI Features That Create Real Commercial Value and AI Features That Amount to Commodity Noise,/home/ubuntu/report_file/10_qFBPD7x8Qfih69BGA1wKfD_1773954696100_na1fn_L2hvbWUvdWJ1bnR1L3JlcG9ydA.md,2296,4,complete,
/home/ubuntu/prompts/prompt_12.txt,12,A Framework for Selecting a SaaS or Third-Party App Idea,/home/ubuntu/report_file/11_SVveoeRD4hv0JVhsxuIEtP_1773954811622_na1fn_L2hvbWUvdWJ1bnR1L3JlcG9ydA.md,5269,22,complete,
/home/ubuntu/prompts/prompt_13.txt,13,How a SaaS founder can perform competitive intelligence using only public information,/home/ubuntu/report_file/12_tKoQCQYQ1Ra4hUHVph11zb_1773954704745_na1fn_L2hvbWUvdWJ1bnR1L3Jlc2VhcmNoL2NvbXBldGl0aXZlX2ludGVsbGlnZW5jZV9yZXBvcnQ.md,3962,4,complete,
/home/ubuntu/prompts/prompt_14.txt,14,Pure SaaS vs. Productized Services vs. Hybrid Models for Independent Software Builders,/home/ubuntu/report_file/13_Mt3GqNBAxR19ICLqkZhX2A_1773954832918_na1fn_L2hvbWUvdWJ1bnR1L3Jlc2VhcmNoX3JlcG9ydA.md,4366,10,complete,
/home/ubuntu/prompts/prompt_15.txt,15,Identifying SaaS Opportunities in Manual Workflows,/home/ubuntu/report_file/14_jstqOKRrShUzrtB8tU1iER_1773954845224_na1fn_L2hvbWUvdWJ1bnR1L3Jlc2VhcmNoL3Jlc2VhcmNoX3JlcG9ydA.md,3518,6,complete,
/home/ubuntu/prompts/prompt_16.txt,16,The Viability of a SaaS Platform for Building AI Agents,/home/ubuntu/report_file/15_oDgAhrURIlrExM4G56SchV_1773954854353_na1fn_L2hvbWUvdWJ1bnR1L3Jlc2VhcmNoX3JlcG9ydA.md,4305,3,complete,
